<?xml version="1.0"?>
<PluginConfig>
    <SupportURL>http://forums.indigodomo.com/viewforum.php?f=216</SupportURL>
    <Field id="version" type="textfield" defaultValue="" hidden="True"/>
    <Field id="logLevel" type="menu" defaultValue="20">
        <Label>Event Logging Level:</Label>
        <List>
            <Option value="5" >Detailed Debugging Messages</Option>
            <Option value="10">Debugging Messages</Option>
            <Option value="20">Informational Messages</Option>
            <Option value="30">Warning Messages</Option>
            <Option value="40">Error Messages</Option>
            <Option value="50">Critical Errors Only</Option>
        </List>
    </Field>       
</PluginConfig>
